{"Year": [2000, 2001, 2002, 2003, 2004, 2005, 2006, 2007, 2008, 2009, 2010, 2011, 2012, 2013, 2014, 2015, 2016, 2017, 2018, 2019, 2020, 2021], "China": [609.8806503656403, 652.2241505183998, 700.3999014877593, 747.696514304441, 833.331650634996, 953.5882364682896, 1103.6172995228662, 1373.8247252939266, 1726.2964017923766, 1919.1944304408962, 2225.7795860856268, 2816.1193533868673, 3222.2992254874084, 3630.7187745633255, 4010.86589304422, 4328.142712329458, 4455.035406683946, 4837.669850385256, 5453.65238121164, 5682.433408868772, 5759.162971441213, NaN], "Hong Kong SAR, China": [17516.77137890079, 17615.32942372173, 16936.088116128292, 16429.786416302537, 17183.39490263638, 17781.66111384215, 18784.114585676296, 20782.07984448555, 21678.123704151905, 21574.2686881139, 22861.45863675128, 25304.942102413683, 27052.02105818658, 28944.739070477084, 30628.560675270048, 32277.62609633697, 33329.42914252943, 35507.45684120413, 37965.64721306737, 38808.638959136675, 36478.651605018626, 38575.870190169604], "Singapore": [12488.930876210186, 12554.524493615352, 12857.67500336515, 13514.190132284308, 14443.985104995338, 14904.23656531515, 16213.59476386133, 18100.543171817313, 20029.39452435513, 19087.13666000135, 21742.89253083054, 24710.083318817906, 25642.433729621956, 26818.941198554985, 27178.386843783355, 26348.11134597921, 26567.936979117727, 27765.484640401784, 29690.960187521774, 30157.404600574344, 27294.55350548202, 30952.22465447379]}