{"Year": [2012, 2013, 2014, 2015, 2016, 2017, 2018, 2019, 2020, 2021], "China": [14.423389818760345, 12.674786557543838, 10.470299191008415, 7.910432005105683, 2.9318047668116964, 8.588808141170734, 12.733041937066659, 4.195005689128717, 1.3502940914835282, 0.0], "Hong Kong SAR, China": [6.904101770721915, 6.9965863482784885, 5.817366674797286, 5.38407742548086, 3.2586133907531067, 6.534848494886081, 6.923025726276921, 2.2204066253324717, -6.003785282373331, 5.749166958963059], "Singapore": [3.7731576975057024, 4.588127169746503, 1.340267844905596, -3.0549108840654315, 0.8343126771098275, 4.507492103076438, 6.934780977380139, 1.5709980751939634, -9.493028770247026, 13.400736334657903]}