{"Date": ["2020 Q3", "2020 Q4", "2021 Q1", "2021 Q2", "2021 Q3", "2021 Q4", "2022 Q1"], "Accommodation and food services": [228.0, 237.4, 235.89999999999998, 246.8, 253.29999999999998, 258.40000000000003, 236.29999999999998], "Financing & insurance": [83.1, 80.2, 83.4, 80.6, 80.5, 84.1, 84.9], "Other industries": [1973.9, 1980.0, 1956.7, 1974.0, 1990.9, 1993.9, 1944.3999999999999], "Real estate & business services": [66.8, 61.2, 58.9, 59.2, 60.1, 64.2, 58.2], "Retail": [272.4, 271.7, 268.8, 265.4, 268.5, 274.4, 260.6], "Trade and wholesale": [322.6, 315.9, 312.20000000000005, 318.1, 315.3, 316.4, 315.5]}