{"Date": ["2021 Q1", "2021 Q2", "2021 Q3", "2021 Q4", "2022 Q1"], "Managers": [1010.8000000000001, 966.0999999999999, 951.6, 989.8000000000001, 998.4], "Others": [5023.7, 5114.9, 5195.3, 5223.7, 5017.8], "Professionals": [2578.8, 2639.1, 2623.1000000000004, 2591.2999999999997, 2555.0]}