{"Date": ["2020 Q3", "2020 Q4", "2021 Q1", "2021 Q2", "2021 Q3", "2021 Q4", "2022 Q1"], "Accommodation & Food Services": [228.0, 237.4, 235.89999999999998, 246.8, 253.29999999999998, 258.40000000000003, 236.29999999999998], "Financing & Insurance": [285.3, 284.7, 286.7, 285.9, 289.6, 286.79999999999995, 279.7], "Other Industries": [1973.9, 1980.0, 1956.7, 1974.0, 1990.9, 1993.9, 1944.3999999999999], "Real Estate & Business Services": [566.5, 567.0, 566.9, 580.2, 573.6, 574.7, 573.9], "Retail": [272.4, 271.7, 268.8, 265.4, 268.5, 274.4, 260.6], "Trade & Wholesale": [645.2, 631.8, 624.4000000000001, 636.2, 630.6, 632.8, 631.0]}