{"Date": ["2016 Q1", "2016 Q2", "2016 Q3", "2016 Q4", "2017 Q1", "2017 Q2", "2017 Q3", "2017 Q4", "2018 Q1", "2018 Q2", "2018 Q3", "2018 Q4", "2019 Q1", "2019 Q2", "2019 Q3", "2019 Q4", "2020 Q1", "2020 Q2", "2020 Q3", "2020 Q4", "2021 Q1", "2021 Q2", "2021 Q3", "2021 Q4", "2022 Q1"], "Accommodation and food services": [284.4, 281.09999999999997, 286.8, 286.2, 289.2, 294.5, 292.5, 293.8, 296.4, 295.6, 292.2, 294.0, 303.4, 301.2, 281.4, 274.0, 251.9, 236.49999999999997, 228.0, 237.4, 235.89999999999998, 246.8, 253.29999999999998, 258.40000000000003, 236.29999999999998], "Financing & insurance": [70.8, 73.1, 83.4, 83.8, 82.9, 86.2, 83.4, 88.3, 83.2, 78.7, 84.2, 80.0, 80.7, 82.5, 80.3, 81.3, 84.5, 77.5, 83.1, 80.2, 83.4, 80.6, 80.5, 84.1, 84.9], "Other industries": [1939.2, 1941.3, 1948.2, 1947.9, 1951.8, 1952.3, 1961.6, 1977.4, 1995.8999999999999, 1997.7, 2007.6, 2031.2, 2018.1, 2031.2, 2044.1999999999998, 2048.3, 2010.9, 1983.8, 1973.9, 1980.0, 1956.7, 1974.0, 1990.9, 1993.9, 1944.3999999999999], "Real estate & business services": [46.9, 51.6, 56.8, 51.8, 54.0, 57.9, 58.9, 56.7, 50.8, 56.9, 57.0, 56.1, 59.8, 61.5, 58.7, 61.4, 65.1, 65.1, 66.8, 61.2, 58.9, 59.2, 60.1, 64.2, 58.2], "Retail": [336.0, 329.9, 327.0, 333.6, 340.9, 338.0, 338.2, 337.5, 343.2, 336.79999999999995, 334.2, 328.8, 327.90000000000003, 325.20000000000005, 309.5, 294.2, 283.09999999999997, 273.6, 272.4, 271.7, 268.8, 265.4, 268.5, 274.4, 260.6], "Trade and wholesale": [465.5, 461.5, 460.4, 456.79999999999995, 449.8, 450.70000000000005, 447.0, 453.5, 451.7, 451.6, 447.5, 426.20000000000005, 404.20000000000005, 393.70000000000005, 384.1, 376.7, 350.0, 326.3, 322.6, 315.9, 312.20000000000005, 318.1, 315.3, 316.4, 315.5]}