{"Date": ["2020 Q1", "2020 Q2", "2020 Q3", "2020 Q4", "2021 Q1", "2021 Q2", "2021 Q3", "2021 Q4", "2022 Q1"], "Managers": [1040.0, 1006.4, 1021.2, 993.8, 1010.8000000000001, 966.0999999999999, 951.6, 989.8000000000001, 998.4], "Others": [5108.2, 4960.5, 4985.4, 5109.4, 5023.7, 5114.9, 5195.3, 5223.7, 5017.8], "Professionals": [2754.2, 2707.3, 2643.9, 2571.1, 2578.8, 2639.1, 2623.1000000000004, 2591.2999999999997, 2555.0]}