{"Date": ["2020 Q3", "2020 Q4", "2021 Q1", "2021 Q2", "2021 Q3", "2021 Q4", "2022 Q1"], "Accommodation and Food Services": [228.0, 237.4, 235.89999999999998, 246.8, 253.3, 258.40000000000003, 236.29999999999998], "Financing and Insurance": [202.2, 204.5, 203.3, 205.3, 209.10000000000002, 202.7, 194.8], "Other Industries": [1973.8999999999999, 1980.0, 1956.6999999999998, 1974.0, 1990.9, 1993.9, 1944.4], "Real Estate and Business Services": [499.70000000000005, 505.8, 508.0, 521.0, 513.5, 510.5, 515.6999999999999], "Retail": [272.4, 271.7, 268.8, 265.4, 268.5, 274.4, 260.6], "Trade and Wholesale": [322.59999999999997, 315.9, 312.2, 318.1, 315.3, 316.4, 315.5]}